{"cameraMode":{"drawMode":0,"name":"Shaded","section":"Shading Mode"},"sceneLighting":true,"audioPlay":false,"sceneViewState":{"m_AlwaysRefresh":false,"showFog":true,"showSkybox":true,"showFlares":true,"showImageEffects":true,"showParticleSystems":true,"showVisualEffectGraphs":true,"m_FxEnabled":true},"in2DMode":false,"pivot":{"x":0.15944412350654603,"y":1.4884631633758546,"z":-0.6676421165466309},"rotation":{"x":0.10328727215528488,"y":0.023270800709724428,"z":-0.0024172307457774879,"w":0.9943772554397583},"size":23.74816131591797,"orthographic":false}