{"cameraMode":{"drawMode":0,"name":"Shaded","section":"Shading Mode"},"sceneLighting":true,"audioPlay":false,"sceneViewState":{"m_AlwaysRefresh":false,"showFog":true,"showSkybox":true,"showFlares":true,"showImageEffects":true,"showParticleSystems":true,"showVisualEffectGraphs":true,"m_FxEnabled":true},"in2DMode":false,"pivot":{"x":0.7128554582595825,"y":7.435105800628662,"z":-7.566038131713867},"rotation":{"x":0.18934974074363709,"y":0.001472856500186026,"z":-0.0002840249799191952,"w":0.9819086194038391},"size":13.53725528717041,"orthographic":false}