{"cameraMode":{"drawMode":0,"name":"Shaded","section":"Shading Mode"},"sceneLighting":true,"audioPlay":false,"sceneViewState":{"m_AlwaysRefresh":false,"showFog":true,"showSkybox":true,"showFlares":true,"showImageEffects":true,"showParticleSystems":true,"showVisualEffectGraphs":true,"m_FxEnabled":true},"in2DMode":false,"pivot":{"x":13.584514617919922,"y":-1.4328269958496094,"z":-0.5101718902587891},"rotation":{"x":0.4770760238170624,"y":0.014500017277896405,"z":-0.007872459478676319,"w":0.8787082433700562},"size":25.002185821533204,"orthographic":false}