{"cameraMode":{"drawMode":0,"name":"Shaded","section":"Shading Mode"},"sceneLighting":false,"audioPlay":false,"sceneViewState":{"m_AlwaysRefresh":false,"showFog":true,"showSkybox":false,"showFlares":true,"showImageEffects":true,"showParticleSystems":true,"showVisualEffectGraphs":true,"m_FxEnabled":true},"in2DMode":false,"pivot":{"x":0.0000017881393432617188,"y":1.503180980682373,"z":0.016342580318450929},"rotation":{"x":-0.10586973279714585,"y":-0.20081964135169984,"z":0.021836183965206147,"w":-0.9736467003822327},"size":2.3241631984710695,"orthographic":false}